{"done_training": true, "stop_early": false, "early_stopping_step": 0, "early_stopping_best_val": 100000000.0, "early_stopping_criteria": 5, "learning_rate": 0.001, "epoch_index": 9, "train_loss": [0.9721770100334658, 0.58184400061292, 0.4615067849355942, 0.37600618799423285, 0.2961947272266855, 0.19772413940973227, 0.15328611326594488, 0.11481773864442686, 0.0958724703370024, 0.07867211075349406], "train_acc": [63.41787994053864, 77.00682056663146, 79.87331671913269, 81.9429870584121, 84.33237145855193, 87.54426810073444, 89.45271511017837, 91.48003016789072, 92.69576337880358, 93.94264821615944], "val_loss": [0.7019885518359689, 0.6203093191362777, 0.6139921115465324, 0.6329923601083037, 0.7207584839384512, 0.9131561627365509, 1.0697050893081805, 1.2012338755687453, 1.3759246216384031, 1.5680964154472465], "val_acc": [75.65469684767606, 75.00107857800273, 77.89202715140348, 77.38671335711, 79.68066900598254, 82.4306833870225, 82.92772808329504, 82.33720662678324, 83.26999683617117, 84.04801110216292], "test_loss": -1, "test_acc": -1, "model_filename": "news/model.pth"}